tid,loop_in_cs,lock_acquires,lock_hold(ms),total_duration(s),wait_acq(ms),wait_rel(ms),array_size(B),lat_lock_hold(ms),lat_wait_acq(ms),lat_wait_rel(ms)
RUN 0
000,         0,       0,    0.000000,    0.000000,    0.000000,    0.000000,               0,    0.000273,    0.254040,    0.036360
000,         0,       0,    0.000000,    0.000000,    0.000000,    0.000000,               0,    0.000053,   83.898445,    0.037527
000,         0,       0,    0.000000,    0.000000,    0.000000,    0.000000,               0,    0.000053,   87.576324,    0.034147
000,         0,       0,    0.000000,    0.000000,    0.000000,    0.000000,               0,    0.000053,   88.203476,    0.035460
000,         0,       0,    0.000000,    0.000000,    0.000000,    0.000000,               0,    0.000053,   87.765961,    0.032933
000,         0,       0,    0.000000,    0.000000,    0.000000,    0.000000,               0,    0.000053,   88.589256,    0.034007
000,         0,       0,    0.000000,    0.000000,    0.000000,    0.000000,               0,    0.000053,   88.733406,    0.035667
000,         0,       0,    0.000000,    0.000000,    0.000000,    0.000000,               0,    0.000053,   86.451324,    0.031033
000,         0,       0,    0.000000,    0.000000,    0.000000,    0.000000,               0,    0.000053,   88.316277,    0.034600
000,         0,       0,    0.000000,    0.000000,    0.000000,    0.000000,               0,    0.000053,   87.864227,    0.034167
001,         0,       0,    0.000000,    0.000000,    0.000000,    0.000000,               0,    0.000267,    1.048413,    0.035727
001,         0,       0,    0.000000,    0.000000,    0.000000,    0.000000,               0,    0.000053,   82.949509,    0.033087
001,         0,       0,    0.000000,    0.000000,    0.000000,    0.000000,               0,    0.000280,   87.853394,    0.033707
001,         0,       0,    0.000000,    0.000000,    0.000000,    0.000000,               0,    0.000273,   87.722984,    0.033133
001,         0,       0,    0.000000,    0.000000,    0.000000,    0.000000,               0,    0.000053,   88.869507,    0.035080
001,         0,       0,    0.000000,    0.000000,    0.000000,    0.000000,               0,    0.000053,   88.663368,    0.034813
001,         0,       0,    0.000000,    0.000000,    0.000000,    0.000000,               0,    0.000053,   87.781929,    0.034067
001,         0,       0,    0.000000,    0.000000,    0.000000,    0.000000,               0,    0.000287,   87.695587,    0.031960
001,         0,       0,    0.000000,    0.000000,    0.000000,    0.000000,               0,    0.000053,   87.459793,    0.032320
001,         0,       0,    0.000000,    0.000000,    0.000000,    0.000000,               0,    0.000273,   87.719009,    0.032227
002,         0,       0,    0.000000,    0.000000,    0.000000,    0.000000,               0,    0.000267,    0.890227,    0.030887
002,         0,       0,    0.000000,    0.000000,    0.000000,    0.000000,               0,    0.000273,   83.395790,    0.033953
002,         0,       0,    0.000000,    0.000000,    0.000000,    0.000000,               0,    0.000053,   87.693344,    0.032347
002,         0,       0,    0.000000,    0.000000,    0.000000,    0.000000,               0,    0.000053,   88.418289,    0.033220
002,         0,       0,    0.000000,    0.000000,    0.000000,    0.000000,               0,    0.000053,   87.164238,    0.030200
002,         0,       0,    0.000000,    0.000000,    0.000000,    0.000000,               0,    0.000053,   89.297173,    0.034207
002,         0,       0,    0.000000,    0.000000,    0.000000,    0.000000,               0,    0.000053,   87.787224,    0.034453
002,         0,       0,    0.000000,    0.000000,    0.000000,    0.000000,               0,    0.000053,   87.813576,    0.031440
002,         0,       0,    0.000000,    0.000000,    0.000000,    0.000000,               0,    0.000053,   87.459976,    0.030747
002,         0,       0,    0.000000,    0.000000,    0.000000,    0.000000,               0,    0.000053,   88.497459,    0.034333
003,         0,       0,    0.000000,    0.000000,    0.000000,    0.000000,               0,    0.000267,    0.734620,    0.027053
003,         0,       0,    0.000000,    0.000000,    0.000000,    0.000000,               0,    0.000053,   83.022484,    0.027047
003,         0,       0,    0.000000,    0.000000,    0.000000,    0.000000,               0,    0.000053,   87.859406,    0.029193
003,         0,       0,    0.000000,    0.000000,    0.000000,    0.000000,               0,    0.000053,   88.564430,    0.028187
003,         0,       0,    0.000000,    0.000000,    0.000000,    0.000000,               0,    0.000053,   87.653992,    0.028293
003,         0,       0,    0.000000,    0.000000,    0.000000,    0.000000,               0,    0.000053,   88.586403,    0.027260
003,         0,       0,    0.000000,    0.000000,    0.000000,    0.000000,               0,    0.000267,   87.933540,    0.028907
003,         0,       0,    0.000000,    0.000000,    0.000000,    0.000000,               0,    0.000053,   87.259697,    0.026800
003,         0,       0,    0.000000,    0.000000,    0.000000,    0.000000,               0,    0.000053,   88.596413,    0.026513
003,         0,       0,    0.000000,    0.000000,    0.000000,    0.000000,               0,    0.000053,   88.007996,    0.027013
004,         0,       0,    0.000000,    0.000000,    0.000000,    0.000000,               0,    0.000267,    1.212347,    0.025140
004,         0,       0,    0.000000,    0.000000,    0.000000,    0.000000,               0,    0.000053,   83.227043,    0.022040
004,         0,       0,    0.000000,    0.000000,    0.000000,    0.000000,               0,    0.000053,   87.814972,    0.024687
004,         0,       0,    0.000000,    0.000000,    0.000000,    0.000000,               0,    0.000053,   88.047874,    0.024160
004,         0,       0,    0.000000,    0.000000,    0.000000,    0.000000,               0,    0.000053,   88.054893,    0.033640
004,         0,       0,    0.000000,    0.000000,    0.000000,    0.000000,               0,    0.000053,   88.291588,    0.024307
004,         0,       0,    0.000000,    0.000000,    0.000000,    0.000000,               0,    0.000053,   87.935890,    0.023467
004,         0,       0,    0.000000,    0.000000,    0.000000,    0.000000,               0,    0.000053,   87.155777,    0.022687
004,         0,       0,    0.000000,    0.000000,    0.000000,    0.000000,               0,    0.000053,   88.717796,    0.023107
004,         0,       0,    0.000000,    0.000000,    0.000000,    0.000000,               0,    0.000053,   87.665817,    0.021220
005,         0,       0,    0.000000,    0.000000,    0.000000,    0.000000,               0,    0.000253,    1.362373,    0.028993
005,         0,       0,    0.000000,    0.000000,    0.000000,    0.000000,               0,    0.000053,   82.506012,    0.028193
005,         0,       0,    0.000000,    0.000000,    0.000000,    0.000000,               0,    0.000267,   88.243790,    0.026913
005,         0,       0,    0.000000,    0.000000,    0.000000,    0.000000,               0,    0.000200,   87.589584,    0.027987
005,         0,       0,    0.000000,    0.000000,    0.000000,    0.000000,               0,    0.000053,   88.376450,    0.027413
005,         0,       0,    0.000000,    0.000000,    0.000000,    0.000000,               0,    0.000267,   88.674324,    0.030167
005,         0,       0,    0.000000,    0.000000,    0.000000,    0.000000,               0,    0.000053,   88.038818,    0.026640
005,         0,       0,    0.000000,    0.000000,    0.000000,    0.000000,               0,    0.000053,   87.476830,    0.027140
005,         0,       0,    0.000000,    0.000000,    0.000000,    0.000000,               0,    0.000053,   87.310989,    0.027707
005,         0,       0,    0.000000,    0.000000,    0.000000,    0.000000,               0,    0.000053,   88.754333,    0.025560
006,         0,       0,    0.000000,    0.000000,    0.000000,    0.000000,               0,    0.000267,    0.424027,    0.032567
006,         0,       0,    0.000000,    0.000000,    0.000000,    0.000000,               0,    0.000053,   83.102226,    0.034413
006,         0,       0,    0.000000,    0.000000,    0.000000,    0.000000,               0,    0.000053,   87.952484,    0.038753
006,         0,       0,    0.000000,    0.000000,    0.000000,    0.000000,               0,    0.000053,   88.559799,    0.037527
006,         0,       0,    0.000000,    0.000000,    0.000000,    0.000000,               0,    0.000053,   88.149017,    0.036100
006,         0,       0,    0.000000,    0.000000,    0.000000,    0.000000,               0,    0.000053,   88.778633,    0.034607
006,         0,       0,    0.000000,    0.000000,    0.000000,    0.000000,               0,    0.000053,   88.157875,    0.034033
006,         0,       0,    0.000000,    0.000000,    0.000000,    0.000000,               0,    0.000053,   86.155502,    0.033193
006,         0,       0,    0.000000,    0.000000,    0.000000,    0.000000,               0,    0.000053,   88.364944,    0.034387
006,         0,       0,    0.000000,    0.000000,    0.000000,    0.000000,               0,    0.000053,   88.246513,    0.037320
007,         0,       0,    0.000000,    0.000000,    0.000000,    0.000000,               0,    0.000227,    0.583853,    0.026840
007,         0,       0,    0.000000,    0.000000,    0.000000,    0.000000,               0,    0.000053,   83.054802,    0.020340
007,         0,       0,    0.000000,    0.000000,    0.000000,    0.000000,               0,    0.000053,   88.722816,    0.024327
007,         0,       0,    0.000000,    0.000000,    0.000000,    0.000000,               0,    0.000053,   87.463409,    0.026773
007,         0,       0,    0.000000,    0.000000,    0.000000,    0.000000,               0,    0.000053,   88.128281,    0.036267
007,         0,       0,    0.000000,    0.000000,    0.000000,    0.000000,               0,    0.000053,   88.572548,    0.024607
007,         0,       0,    0.000000,    0.000000,    0.000000,    0.000000,               0,    0.000053,   87.937019,    0.023113
007,         0,       0,    0.000000,    0.000000,    0.000000,    0.000000,               0,    0.000053,   87.927177,    0.023080
007,         0,       0,    0.000000,    0.000000,    0.000000,    0.000000,               0,    0.000053,   87.937737,    0.023433
007,         0,       0,    0.000000,    0.000000,    0.000000,    0.000000,               0,    0.000053,   88.280518,    0.021587
008,         0,       0,    0.000000,    0.000000,    0.000000,    0.000000,               0,    0.000193,    1.870020,    0.033873
008,         0,       0,    0.000000,    0.000000,    0.000000,    0.000000,               0,    0.000053,   83.087463,    0.025047
008,         0,       0,    0.000000,    0.000000,    0.000000,    0.000000,               0,    0.000053,   88.329857,    0.029100
008,         0,       0,    0.000000,    0.000000,    0.000000,    0.000000,               0,    0.000053,   88.053818,    0.026987
008,         0,       0,    0.000000,    0.000000,    0.000000,    0.000000,               0,    0.000053,   88.054977,    0.025313
008,         0,       0,    0.000000,    0.000000,    0.000000,    0.000000,               0,    0.000053,   86.016731,    0.027100
008,         0,       0,    0.000000,    0.000000,    0.000000,    0.000000,               0,    0.000053,   88.356819,    0.025760
008,         0,       0,    0.000000,    0.000000,    0.000000,    0.000000,               0,    0.000260,   88.981277,    0.040447
008,         0,       0,    0.000000,    0.000000,    0.000000,    0.000000,               0,    0.000053,   88.008377,    0.035213
008,         0,       0,    0.000000,    0.000000,    0.000000,    0.000000,               0,    0.000053,   88.305595,    0.024813
009,         0,       0,    0.000000,    0.000000,    0.000000,    0.000000,               0,    0.000247,    1.671787,    0.028000
009,         0,       0,    0.000000,    0.000000,    0.000000,    0.000000,               0,    0.000053,   83.000900,    0.024180
009,         0,       0,    0.000000,    0.000000,    0.000000,    0.000000,               0,    0.000053,   87.782562,    0.027353
009,         0,       0,    0.000000,    0.000000,    0.000000,    0.000000,               0,    0.000053,   88.761307,    0.025547
009,         0,       0,    0.000000,    0.000000,    0.000000,    0.000000,               0,    0.000053,   87.359970,    0.024220
009,         0,       0,    0.000000,    0.000000,    0.000000,    0.000000,               0,    0.000053,   87.056000,    0.024587
009,         0,       0,    0.000000,    0.000000,    0.000000,    0.000000,               0,    0.000053,   88.496895,    0.023653
009,         0,       0,    0.000000,    0.000000,    0.000000,    0.000000,               0,    0.000053,   88.031326,    0.023153
009,         0,       0,    0.000000,    0.000000,    0.000000,    0.000000,               0,    0.000053,   87.155495,    0.024847
009,         0,       0,    0.000000,    0.000000,    0.000000,    0.000000,               0,    0.000053,   87.981216,    0.022473
010,         0,       0,    0.000000,    0.000000,    0.000000,    0.000000,               0,    0.000280,    2.360427,    0.028080
010,         0,       0,    0.000000,    0.000000,    0.000000,    0.000000,               0,    0.000053,   83.130386,    0.022987
010,         0,       0,    0.000000,    0.000000,    0.000000,    0.000000,               0,    0.000053,   87.343384,    0.025107
010,         0,       0,    0.000000,    0.000000,    0.000000,    0.000000,               0,    0.000053,   87.966003,    0.024667
010,         0,       0,    0.000000,    0.000000,    0.000000,    0.000000,               0,    0.000053,   88.038300,    0.024193
010,         0,       0,    0.000000,    0.000000,    0.000000,    0.000000,               0,    0.000053,   87.033890,    0.024433
010,         0,       0,    0.000000,    0.000000,    0.000000,    0.000000,               0,    0.000053,   87.517685,    0.025213
010,         0,       0,    0.000000,    0.000000,    0.000000,    0.000000,               0,    0.000053,   88.681313,    0.023687
010,         0,       0,    0.000000,    0.000000,    0.000000,    0.000000,               0,    0.000053,   88.956490,    0.024607
010,         0,       0,    0.000000,    0.000000,    0.000000,    0.000000,               0,    0.000053,   87.838799,    0.022807
011,         0,       0,    0.000000,    0.000000,    0.000000,    0.000000,               0,    0.000287,    2.702753,    0.027460
011,         0,       0,    0.000000,    0.000000,    0.000000,    0.000000,               0,    0.000053,   81.860435,    0.023640
011,         0,       0,    0.000000,    0.000000,    0.000000,    0.000000,               0,    0.000053,   88.619904,    0.025567
011,         0,       0,    0.000000,    0.000000,    0.000000,    0.000000,               0,    0.000053,   87.842850,    0.024553
011,         0,       0,    0.000000,    0.000000,    0.000000,    0.000000,               0,    0.000053,   88.034988,    0.023713
011,         0,       0,    0.000000,    0.000000,    0.000000,    0.000000,               0,    0.000053,   87.041977,    0.023520
011,         0,       0,    0.000000,    0.000000,    0.000000,    0.000000,               0,    0.000053,   87.838699,    0.024493
011,         0,       0,    0.000000,    0.000000,    0.000000,    0.000000,               0,    0.000053,   89.205765,    0.027313
011,         0,       0,    0.000000,    0.000000,    0.000000,    0.000000,               0,    0.000053,   87.985504,    0.024687
011,         0,       0,    0.000000,    0.000000,    0.000000,    0.000000,               0,    0.000053,   87.608170,    0.022380
012,         0,       0,    0.000000,    0.000000,    0.000000,    0.000000,               0,    0.000253,    2.540180,    0.030900
012,         0,       0,    0.000000,    0.000000,    0.000000,    0.000000,               0,    0.000053,   82.284645,    0.024640
012,         0,       0,    0.000000,    0.000000,    0.000000,    0.000000,               0,    0.000053,   87.770958,    0.026067
012,         0,       0,    0.000000,    0.000000,    0.000000,    0.000000,               0,    0.000053,   88.311523,    0.026513
012,         0,       0,    0.000000,    0.000000,    0.000000,    0.000000,               0,    0.000053,   88.258125,    0.032793
012,         0,       0,    0.000000,    0.000000,    0.000000,    0.000000,               0,    0.000053,   87.032738,    0.025133
012,         0,       0,    0.000000,    0.000000,    0.000000,    0.000000,               0,    0.000053,   87.835876,    0.024553
012,         0,       0,    0.000000,    0.000000,    0.000000,    0.000000,               0,    0.000053,   87.915833,    0.024093
012,         0,       0,    0.000000,    0.000000,    0.000000,    0.000000,               0,    0.000053,   88.709297,    0.024373
012,         0,       0,    0.000000,    0.000000,    0.000000,    0.000000,               0,    0.000053,   88.566734,    0.022793
013,         0,       0,    0.000000,    0.000000,    0.000000,    0.000000,               0,    0.000267,    2.052933,    0.028293
013,         0,       0,    0.000000,    0.000000,    0.000000,    0.000000,               0,    0.000053,   83.038010,    0.024333
013,         0,       0,    0.000000,    0.000000,    0.000000,    0.000000,               0,    0.000053,   87.973984,    0.024960
013,         0,       0,    0.000000,    0.000000,    0.000000,    0.000000,               0,    0.000053,   87.607277,    0.033660
013,         0,       0,    0.000000,    0.000000,    0.000000,    0.000000,               0,    0.000053,   88.609955,    0.023993
013,         0,       0,    0.000000,    0.000000,    0.000000,    0.000000,               0,    0.000253,   86.691269,    0.033433
013,         0,       0,    0.000000,    0.000000,    0.000000,    0.000000,               0,    0.000053,   87.534927,    0.024220
013,         0,       0,    0.000000,    0.000000,    0.000000,    0.000000,               0,    0.000053,   89.382965,    0.031787
013,         0,       0,    0.000000,    0.000000,    0.000000,    0.000000,               0,    0.000053,   87.998558,    0.025260
013,         0,       0,    0.000000,    0.000000,    0.000000,    0.000000,               0,    0.000053,   86.553757,    0.022433
014,         0,       0,    0.000000,    0.000000,    0.000000,    0.000000,               0,    0.000280,    2.211847,    0.026387
014,         0,       0,    0.000000,    0.000000,    0.000000,    0.000000,               0,    0.000053,   83.020287,    0.024553
014,         0,       0,    0.000000,    0.000000,    0.000000,    0.000000,               0,    0.000053,   87.478157,    0.025193
014,         0,       0,    0.000000,    0.000000,    0.000000,    0.000000,               0,    0.000053,   87.836578,    0.027053
014,         0,       0,    0.000000,    0.000000,    0.000000,    0.000000,               0,    0.000053,   88.399033,    0.024833
014,         0,       0,    0.000000,    0.000000,    0.000000,    0.000000,               0,    0.000053,   86.604568,    0.024873
014,         0,       0,    0.000000,    0.000000,    0.000000,    0.000000,               0,    0.000053,   88.102997,    0.025760
014,         0,       0,    0.000000,    0.000000,    0.000000,    0.000000,               0,    0.000053,   89.373756,    0.024367
014,         0,       0,    0.000000,    0.000000,    0.000000,    0.000000,               0,    0.000053,   86.457176,    0.025293
014,         0,       0,    0.000000,    0.000000,    0.000000,    0.000000,               0,    0.000053,   89.498070,    0.022820
015,         0,       0,    0.000000,    0.000000,    0.000000,    0.000000,               0,    0.000227,    1.533800,    0.031793
015,         0,       0,    0.000000,    0.000000,    0.000000,    0.000000,               0,    0.000053,   83.835266,    0.024227
015,         0,       0,    0.000000,    0.000000,    0.000000,    0.000000,               0,    0.000053,   87.580109,    0.026393
015,         0,       0,    0.000000,    0.000000,    0.000000,    0.000000,               0,    0.000053,   88.183830,    0.025747
015,         0,       0,    0.000000,    0.000000,    0.000000,    0.000000,               0,    0.000053,   87.588684,    0.024040
015,         0,       0,    0.000000,    0.000000,    0.000000,    0.000000,               0,    0.000053,   87.047798,    0.024660
015,         0,       0,    0.000000,    0.000000,    0.000000,    0.000000,               0,    0.000053,   88.494614,    0.024227
015,         0,       0,    0.000000,    0.000000,    0.000000,    0.000000,               0,    0.000053,   87.594330,    0.023753
015,         0,       0,    0.000000,    0.000000,    0.000000,    0.000000,               0,    0.000053,   88.707329,    0.024707
015,         0,       0,    0.000000,    0.000000,    0.000000,    0.000000,               0,    0.000053,   87.036751,    0.022053
-------------------------------------------------------------------------------------------------------

RUN 1
000,         0,       0,    0.000000,    0.000000,    0.000000,    0.000000,               0,    0.000053,    0.984527,    0.035813
000,         0,       0,    0.000000,    0.000000,    0.000000,    0.000000,               0,    0.000053,   85.713722,    0.035413
000,         0,       0,    0.000000,    0.000000,    0.000000,    0.000000,               0,    0.000053,   87.923317,    0.035127
000,         0,       0,    0.000000,    0.000000,    0.000000,    0.000000,               0,    0.000060,   87.772263,    0.033347
000,         0,       0,    0.000000,    0.000000,    0.000000,    0.000000,               0,    0.000053,   87.407257,    0.030387
000,         0,       0,    0.000000,    0.000000,    0.000000,    0.000000,               0,    0.000053,   88.328629,    0.033360
000,         0,       0,    0.000000,    0.000000,    0.000000,    0.000000,               0,    0.000053,   88.488945,    0.034847
000,         0,       0,    0.000000,    0.000000,    0.000000,    0.000000,               0,    0.000053,   88.438103,    0.033533
000,         0,       0,    0.000000,    0.000000,    0.000000,    0.000000,               0,    0.000053,   86.678230,    0.031233
000,         0,       0,    0.000000,    0.000000,    0.000000,    0.000000,               0,    0.000053,   87.948013,    0.032180
001,         0,       0,    0.000000,    0.000000,    0.000000,    0.000000,               0,    0.000260,    0.248973,    0.032907
001,         0,       0,    0.000000,    0.000000,    0.000000,    0.000000,               0,    0.000180,   86.695305,    0.033087
001,         0,       0,    0.000000,    0.000000,    0.000000,    0.000000,               0,    0.000053,   87.080803,    0.031987
001,         0,       0,    0.000000,    0.000000,    0.000000,    0.000000,               0,    0.000267,   88.141533,    0.032400
001,         0,       0,    0.000000,    0.000000,    0.000000,    0.000000,               0,    0.000053,   88.227867,    0.032200
001,         0,       0,    0.000000,    0.000000,    0.000000,    0.000000,               0,    0.000053,   88.075630,    0.034387
001,         0,       0,    0.000000,    0.000000,    0.000000,    0.000000,               0,    0.000053,   88.635391,    0.033080
001,         0,       0,    0.000000,    0.000000,    0.000000,    0.000000,               0,    0.000053,   87.849403,    0.032767
001,         0,       0,    0.000000,    0.000000,    0.000000,    0.000000,               0,    0.000053,   87.035690,    0.031040
001,         0,       0,    0.000000,    0.000000,    0.000000,    0.000000,               0,    0.000053,   88.212265,    0.033600
002,         0,       0,    0.000000,    0.000000,    0.000000,    0.000000,               0,    0.000260,    1.132713,    0.037540
002,         0,       0,    0.000000,    0.000000,    0.000000,    0.000000,               0,    0.000053,   86.439064,    0.034187
002,         0,       0,    0.000000,    0.000000,    0.000000,    0.000000,               0,    0.000053,   86.584343,    0.030753
002,         0,       0,    0.000000,    0.000000,    0.000000,    0.000000,               0,    0.000053,   87.879997,    0.031407
002,         0,       0,    0.000000,    0.000000,    0.000000,    0.000000,               0,    0.000053,   88.590187,    0.031633
002,         0,       0,    0.000000,    0.000000,    0.000000,    0.000000,               0,    0.000053,   87.393349,    0.029313
002,         0,       0,    0.000000,    0.000000,    0.000000,    0.000000,               0,    0.000053,   88.741875,    0.032567
002,         0,       0,    0.000000,    0.000000,    0.000000,    0.000000,               0,    0.000053,   87.949257,    0.034673
002,         0,       0,    0.000000,    0.000000,    0.000000,    0.000000,               0,    0.000053,   87.635010,    0.033227
002,         0,       0,    0.000000,    0.000000,    0.000000,    0.000000,               0,    0.000053,   87.983856,    0.031660
003,         0,       0,    0.000000,    0.000000,    0.000000,    0.000000,               0,    0.000053,    0.506073,    0.026353
003,         0,       0,    0.000000,    0.000000,    0.000000,    0.000000,               0,    0.000053,   86.322891,    0.027640
003,         0,       0,    0.000000,    0.000000,    0.000000,    0.000000,               0,    0.000053,   86.975136,    0.027387
003,         0,       0,    0.000000,    0.000000,    0.000000,    0.000000,               0,    0.000053,   88.018303,    0.027460
003,         0,       0,    0.000000,    0.000000,    0.000000,    0.000000,               0,    0.000053,   88.350586,    0.026047
003,         0,       0,    0.000000,    0.000000,    0.000000,    0.000000,               0,    0.000053,   88.443413,    0.027453
003,         0,       0,    0.000000,    0.000000,    0.000000,    0.000000,               0,    0.000053,   87.929169,    0.027573
003,         0,       0,    0.000000,    0.000000,    0.000000,    0.000000,               0,    0.000053,   87.975563,    0.027187
003,         0,       0,    0.000000,    0.000000,    0.000000,    0.000000,               0,    0.000053,   87.630592,    0.026633
003,         0,       0,    0.000000,    0.000000,    0.000000,    0.000000,               0,    0.000053,   87.707764,    0.026867
004,         0,       0,    0.000000,    0.000000,    0.000000,    0.000000,               0,    0.000213,    0.874893,    0.024780
004,         0,       0,    0.000000,    0.000000,    0.000000,    0.000000,               0,    0.000053,   86.455902,    0.023733
004,         0,       0,    0.000000,    0.000000,    0.000000,    0.000000,               0,    0.000053,   87.207863,    0.023453
004,         0,       0,    0.000000,    0.000000,    0.000000,    0.000000,               0,    0.000053,   87.176712,    0.024847
004,         0,       0,    0.000000,    0.000000,    0.000000,    0.000000,               0,    0.000053,   88.832726,    0.023687
004,         0,       0,    0.000000,    0.000000,    0.000000,    0.000000,               0,    0.000053,   87.854843,    0.024647
004,         0,       0,    0.000000,    0.000000,    0.000000,    0.000000,               0,    0.000053,   88.525543,    0.024240
004,         0,       0,    0.000000,    0.000000,    0.000000,    0.000000,               0,    0.000053,   87.719772,    0.022807
004,         0,       0,    0.000000,    0.000000,    0.000000,    0.000000,               0,    0.000053,   87.644707,    0.022607
004,         0,       0,    0.000000,    0.000000,    0.000000,    0.000000,               0,    0.000053,   88.256844,    0.021273
005,         0,       0,    0.000000,    0.000000,    0.000000,    0.000000,               0,    0.000273,    0.371647,    0.029820
005,         0,       0,    0.000000,    0.000000,    0.000000,    0.000000,               0,    0.000053,   86.715561,    0.029027
005,         0,       0,    0.000000,    0.000000,    0.000000,    0.000000,               0,    0.000053,   87.196579,    0.030540
005,         0,       0,    0.000000,    0.000000,    0.000000,    0.000000,               0,    0.000053,   88.261971,    0.027827
005,         0,       0,    0.000000,    0.000000,    0.000000,    0.000000,               0,    0.000053,   87.403053,    0.026100
005,         0,       0,    0.000000,    0.000000,    0.000000,    0.000000,               0,    0.000053,   87.850624,    0.027727
005,         0,       0,    0.000000,    0.000000,    0.000000,    0.000000,               0,    0.000260,   89.568230,    0.028420
005,         0,       0,    0.000000,    0.000000,    0.000000,    0.000000,               0,    0.000233,   87.025963,    0.027793
005,         0,       0,    0.000000,    0.000000,    0.000000,    0.000000,               0,    0.000227,   87.510521,    0.028667
005,         0,       0,    0.000000,    0.000000,    0.000000,    0.000000,               0,    0.000053,   88.710785,    0.026993
006,         0,       0,    0.000000,    0.000000,    0.000000,    0.000000,               0,    0.000053,    0.755400,    0.031633
006,         0,       0,    0.000000,    0.000000,    0.000000,    0.000000,               0,    0.000053,   86.687454,    0.037447
006,         0,       0,    0.000000,    0.000000,    0.000000,    0.000000,               0,    0.000053,   86.958923,    0.034167
006,         0,       0,    0.000000,    0.000000,    0.000000,    0.000000,               0,    0.000053,   87.881821,    0.035787
006,         0,       0,    0.000000,    0.000000,    0.000000,    0.000000,               0,    0.000053,   87.985397,    0.034400
006,         0,       0,    0.000000,    0.000000,    0.000000,    0.000000,               0,    0.000053,   87.629799,    0.034307
006,         0,       0,    0.000000,    0.000000,    0.000000,    0.000000,               0,    0.000053,   89.320152,    0.034253
006,         0,       0,    0.000000,    0.000000,    0.000000,    0.000000,               0,    0.000053,   87.967621,    0.035280
006,         0,       0,    0.000000,    0.000000,    0.000000,    0.000000,               0,    0.000053,   86.303139,    0.035847
006,         0,       0,    0.000000,    0.000000,    0.000000,    0.000000,               0,    0.000053,   88.568764,    0.036867
007,         0,       0,    0.000000,    0.000000,    0.000000,    0.000000,               0,    0.000227,    0.625987,    0.026853
007,         0,       0,    0.000000,    0.000000,    0.000000,    0.000000,               0,    0.000053,   86.583641,    0.024993
007,         0,       0,    0.000000,    0.000000,    0.000000,    0.000000,               0,    0.000053,   86.707489,    0.027233
007,         0,       0,    0.000000,    0.000000,    0.000000,    0.000000,               0,    0.000053,   88.021042,    0.038840
007,         0,       0,    0.000000,    0.000000,    0.000000,    0.000000,               0,    0.000053,   88.119850,    0.024033
007,         0,       0,    0.000000,    0.000000,    0.000000,    0.000000,               0,    0.000053,   88.215050,    0.023600
007,         0,       0,    0.000000,    0.000000,    0.000000,    0.000000,               0,    0.000053,   88.742889,    0.022933
007,         0,       0,    0.000000,    0.000000,    0.000000,    0.000000,               0,    0.000053,   87.848145,    0.034780
007,         0,       0,    0.000000,    0.000000,    0.000000,    0.000000,               0,    0.000053,   86.793892,    0.035587
007,         0,       0,    0.000000,    0.000000,    0.000000,    0.000000,               0,    0.000053,   88.313568,    0.022900
008,         0,       0,    0.000000,    0.000000,    0.000000,    0.000000,               0,    0.000240,    1.254853,    0.028440
008,         0,       0,    0.000000,    0.000000,    0.000000,    0.000000,               0,    0.000193,   84.573097,    0.026887
008,         0,       0,    0.000000,    0.000000,    0.000000,    0.000000,               0,    0.000053,   89.040970,    0.026073
008,         0,       0,    0.000000,    0.000000,    0.000000,    0.000000,               0,    0.000053,   88.475609,    0.026260
008,         0,       0,    0.000000,    0.000000,    0.000000,    0.000000,               0,    0.000053,   87.511688,    0.026167
008,         0,       0,    0.000000,    0.000000,    0.000000,    0.000000,               0,    0.000053,   86.828079,    0.026127
008,         0,       0,    0.000000,    0.000000,    0.000000,    0.000000,               0,    0.000053,   88.507790,    0.025493
008,         0,       0,    0.000000,    0.000000,    0.000000,    0.000000,               0,    0.000053,   87.431801,    0.025367
008,         0,       0,    0.000000,    0.000000,    0.000000,    0.000000,               0,    0.000053,   88.877876,    0.027067
008,         0,       0,    0.000000,    0.000000,    0.000000,    0.000000,               0,    0.000053,   88.624245,    0.024340
009,         0,       0,    0.000000,    0.000000,    0.000000,    0.000000,               0,    0.000247,    1.894587,    0.026007
009,         0,       0,    0.000000,    0.000000,    0.000000,    0.000000,               0,    0.000053,   83.825447,    0.025153
009,         0,       0,    0.000000,    0.000000,    0.000000,    0.000000,               0,    0.000053,   87.962959,    0.024433
009,         0,       0,    0.000000,    0.000000,    0.000000,    0.000000,               0,    0.000053,   89.112030,    0.034440
009,         0,       0,    0.000000,    0.000000,    0.000000,    0.000000,               0,    0.000053,   88.413704,    0.024580
009,         0,       0,    0.000000,    0.000000,    0.000000,    0.000000,               0,    0.000053,   86.378868,    0.024460
009,         0,       0,    0.000000,    0.000000,    0.000000,    0.000000,               0,    0.000053,   88.134171,    0.024187
009,         0,       0,    0.000000,    0.000000,    0.000000,    0.000000,               0,    0.000053,   87.814438,    0.024307
009,         0,       0,    0.000000,    0.000000,    0.000000,    0.000000,               0,    0.000053,   89.336266,    0.025107
009,         0,       0,    0.000000,    0.000000,    0.000000,    0.000000,               0,    0.000053,   88.034943,    0.022180
010,         0,       0,    0.000000,    0.000000,    0.000000,    0.000000,               0,    0.000273,    1.277160,    0.026093
010,         0,       0,    0.000000,    0.000000,    0.000000,    0.000000,               0,    0.000053,   85.196152,    0.024540
010,         0,       0,    0.000000,    0.000000,    0.000000,    0.000000,               0,    0.000053,   88.405243,    0.024107
010,         0,       0,    0.000000,    0.000000,    0.000000,    0.000000,               0,    0.000053,   87.678917,    0.025693
010,         0,       0,    0.000000,    0.000000,    0.000000,    0.000000,               0,    0.000053,   88.097466,    0.023960
010,         0,       0,    0.000000,    0.000000,    0.000000,    0.000000,               0,    0.000053,   88.318916,    0.023607
010,         0,       0,    0.000000,    0.000000,    0.000000,    0.000000,               0,    0.000053,   86.514076,    0.028067
010,         0,       0,    0.000000,    0.000000,    0.000000,    0.000000,               0,    0.000053,   88.589821,    0.026413
010,         0,       0,    0.000000,    0.000000,    0.000000,    0.000000,               0,    0.000053,   89.034348,    0.025740
010,         0,       0,    0.000000,    0.000000,    0.000000,    0.000000,               0,    0.000053,   88.290787,    0.023147
011,         0,       0,    0.000000,    0.000000,    0.000000,    0.000000,               0,    0.000053,    1.636880,    0.026107
011,         0,       0,    0.000000,    0.000000,    0.000000,    0.000000,               0,    0.000053,   84.468430,    0.024873
011,         0,       0,    0.000000,    0.000000,    0.000000,    0.000000,               0,    0.000053,   88.669037,    0.024013
011,         0,       0,    0.000000,    0.000000,    0.000000,    0.000000,               0,    0.000053,   88.708344,    0.034100
011,         0,       0,    0.000000,    0.000000,    0.000000,    0.000000,               0,    0.000053,   88.083054,    0.024687
011,         0,       0,    0.000000,    0.000000,    0.000000,    0.000000,               0,    0.000053,   87.739113,    0.024887
011,         0,       0,    0.000000,    0.000000,    0.000000,    0.000000,               0,    0.000053,   86.798607,    0.023867
011,         0,       0,    0.000000,    0.000000,    0.000000,    0.000000,               0,    0.000053,   87.649292,    0.024027
011,         0,       0,    0.000000,    0.000000,    0.000000,    0.000000,               0,    0.000053,   88.885376,    0.027633
011,         0,       0,    0.000000,    0.000000,    0.000000,    0.000000,               0,    0.000053,   87.003052,    0.023213
012,         0,       0,    0.000000,    0.000000,    0.000000,    0.000000,               0,    0.000053,    1.756560,    0.025967
012,         0,       0,    0.000000,    0.000000,    0.000000,    0.000000,               0,    0.000053,   84.722336,    0.026340
012,         0,       0,    0.000000,    0.000000,    0.000000,    0.000000,               0,    0.000053,   88.861816,    0.025653
012,         0,       0,    0.000000,    0.000000,    0.000000,    0.000000,               0,    0.000053,   87.562523,    0.033613
012,         0,       0,    0.000000,    0.000000,    0.000000,    0.000000,               0,    0.000053,   88.413757,    0.025780
012,         0,       0,    0.000000,    0.000000,    0.000000,    0.000000,               0,    0.000053,   87.521797,    0.024707
012,         0,       0,    0.000000,    0.000000,    0.000000,    0.000000,               0,    0.000053,   87.591682,    0.024733
012,         0,       0,    0.000000,    0.000000,    0.000000,    0.000000,               0,    0.000053,   87.423317,    0.024133
012,         0,       0,    0.000000,    0.000000,    0.000000,    0.000000,               0,    0.000053,   89.252335,    0.030353
012,         0,       0,    0.000000,    0.000000,    0.000000,    0.000000,               0,    0.000053,   87.906906,    0.023273
013,         0,       0,    0.000000,    0.000000,    0.000000,    0.000000,               0,    0.000247,    2.144687,    0.028173
013,         0,       0,    0.000000,    0.000000,    0.000000,    0.000000,               0,    0.000053,   84.097610,    0.024893
013,         0,       0,    0.000000,    0.000000,    0.000000,    0.000000,               0,    0.000053,   88.995735,    0.024427
013,         0,       0,    0.000000,    0.000000,    0.000000,    0.000000,               0,    0.000053,   88.023582,    0.024493
013,         0,       0,    0.000000,    0.000000,    0.000000,    0.000000,               0,    0.000053,   88.201485,    0.023913
013,         0,       0,    0.000000,    0.000000,    0.000000,    0.000000,               0,    0.000053,   87.750420,    0.023993
013,         0,       0,    0.000000,    0.000000,    0.000000,    0.000000,               0,    0.000053,   86.645233,    0.023807
013,         0,       0,    0.000000,    0.000000,    0.000000,    0.000000,               0,    0.000053,   88.460510,    0.023713
013,         0,       0,    0.000000,    0.000000,    0.000000,    0.000000,               0,    0.000053,   88.688148,    0.024633
013,         0,       0,    0.000000,    0.000000,    0.000000,    0.000000,               0,    0.000053,   88.286156,    0.022113
014,         0,       0,    0.000000,    0.000000,    0.000000,    0.000000,               0,    0.000053,    1.513667,    0.025180
014,         0,       0,    0.000000,    0.000000,    0.000000,    0.000000,               0,    0.000053,   84.463959,    0.024387
014,         0,       0,    0.000000,    0.000000,    0.000000,    0.000000,               0,    0.000053,   89.477364,    0.024400
014,         0,       0,    0.000000,    0.000000,    0.000000,    0.000000,               0,    0.000053,   87.565971,    0.024927
014,         0,       0,    0.000000,    0.000000,    0.000000,    0.000000,               0,    0.000053,   88.078735,    0.024600
014,         0,       0,    0.000000,    0.000000,    0.000000,    0.000000,               0,    0.000053,   87.645248,    0.024900
014,         0,       0,    0.000000,    0.000000,    0.000000,    0.000000,               0,    0.000053,   87.586426,    0.024267
014,         0,       0,    0.000000,    0.000000,    0.000000,    0.000000,               0,    0.000053,   87.644608,    0.024147
014,         0,       0,    0.000000,    0.000000,    0.000000,    0.000000,               0,    0.000053,   89.368782,    0.026713
014,         0,       0,    0.000000,    0.000000,    0.000000,    0.000000,               0,    0.000053,   88.062462,    0.022293
015,         0,       0,    0.000000,    0.000000,    0.000000,    0.000000,               0,    0.000053,    2.006387,    0.027973
015,         0,       0,    0.000000,    0.000000,    0.000000,    0.000000,               0,    0.000053,   84.361290,    0.026487
015,         0,       0,    0.000000,    0.000000,    0.000000,    0.000000,               0,    0.000053,   88.736160,    0.032327
015,         0,       0,    0.000000,    0.000000,    0.000000,    0.000000,               0,    0.000053,   88.023094,    0.024853
015,         0,       0,    0.000000,    0.000000,    0.000000,    0.000000,               0,    0.000053,   87.854408,    0.024360
015,         0,       0,    0.000000,    0.000000,    0.000000,    0.000000,               0,    0.000053,   87.982590,    0.031573
015,         0,       0,    0.000000,    0.000000,    0.000000,    0.000000,               0,    0.000053,   86.997353,    0.024420
015,         0,       0,    0.000000,    0.000000,    0.000000,    0.000000,               0,    0.000053,   88.111229,    0.030427
015,         0,       0,    0.000000,    0.000000,    0.000000,    0.000000,               0,    0.000053,   88.664909,    0.025467
015,         0,       0,    0.000000,    0.000000,    0.000000,    0.000000,               0,    0.000273,   88.018181,    0.030847
-------------------------------------------------------------------------------------------------------

